scope,case,recovery_scenario,statistic,mean,bootstrap_ci95_low,bootstrap_ci95_high,n_conditions,n_resamples
both_cases_stratified_by_case_all_sa_and_metrics,A+B,aligned_capacity_recovery,mean_kendall_tau,0.9993623333333332,0.9985895958333332,0.9998703333333333,40,10000
single_case_all_sa_and_metrics,A,aligned_capacity_recovery,mean_kendall_tau,0.9987926666666669,0.9972722500000001,0.9997976666666666,20,10000
single_case_all_sa_and_metrics,B,aligned_capacity_recovery,mean_kendall_tau,0.999932,0.9998440000000001,0.9999986666666667,20,10000
both_cases_stratified_by_case_all_sa_and_metrics,A+B,aligned_capacity_recovery,mean_spearman_rho,0.9995300833333334,0.9989063062499999,0.9999254208333334,40,10000
single_case_all_sa_and_metrics,A,aligned_capacity_recovery,mean_spearman_rho,0.9990941666666666,0.997863,0.9998747124999999,20,10000
single_case_all_sa_and_metrics,B,aligned_capacity_recovery,mean_spearman_rho,0.999966,0.9999195000000001,0.9999996666666666,20,10000
both_cases_stratified_by_case_all_sa_and_metrics,A+B,aligned_capacity_recovery,mean_top3_jaccard,0.9995168333333334,0.9988526666666667,0.9999297500000001,40,10000
single_case_all_sa_and_metrics,A,aligned_capacity_recovery,mean_top3_jaccard,0.9990336666666666,0.9977136666666666,0.9998595,20,10000
single_case_all_sa_and_metrics,B,aligned_capacity_recovery,mean_top3_jaccard,1.0,1.0,1.0,20,10000
both_cases_stratified_by_case_all_sa_and_metrics,A+B,aligned_capacity_recovery,pairwise_reversal_rate,0.0002895,6.895312500000004e-05,0.0005992968749999999,40,10000
single_case_all_sa_and_metrics,A,aligned_capacity_recovery,pairwise_reversal_rate,0.0005445000000000001,0.00010533333333333334,0.0011404166666666667,20,10000
single_case_all_sa_and_metrics,B,aligned_capacity_recovery,pairwise_reversal_rate,3.4500000000000005e-05,5.000000000000001e-07,8.066666666666667e-05,20,10000
both_cases_stratified_by_case_all_sa_and_metrics,A+B,aligned_capacity_recovery,top1_change_rate,0.0,0.0,0.0,40,10000
single_case_all_sa_and_metrics,A,aligned_capacity_recovery,top1_change_rate,0.0,0.0,0.0,20,10000
single_case_all_sa_and_metrics,B,aligned_capacity_recovery,top1_change_rate,0.0,0.0,0.0,20,10000
both_cases_stratified_by_case_all_sa_and_metrics,A+B,capacity_recovery_tradeoff,mean_kendall_tau,0.9091623333333334,0.8558688041666668,0.9527834041666668,40,10000
single_case_all_sa_and_metrics,A,capacity_recovery_tradeoff,mean_kendall_tau,0.910158,0.8358885416666668,0.9676453833333334,20,10000
single_case_all_sa_and_metrics,B,capacity_recovery_tradeoff,mean_kendall_tau,0.9081666666666667,0.8292447416666666,0.9710770166666666,20,10000
both_cases_stratified_by_case_all_sa_and_metrics,A+B,capacity_recovery_tradeoff,mean_spearman_rho,0.9254915833333334,0.8809833625,0.9635702791666667,40,10000
single_case_all_sa_and_metrics,A,capacity_recovery_tradeoff,mean_spearman_rho,0.9275391666666668,0.8647872666666666,0.9762414458333333,20,10000
single_case_all_sa_and_metrics,B,capacity_recovery_tradeoff,mean_spearman_rho,0.9234439999999999,0.8535509583333334,0.9775398499999999,20,10000
both_cases_stratified_by_case_all_sa_and_metrics,A+B,capacity_recovery_tradeoff,mean_top3_jaccard,0.9398215000000001,0.9023963479166668,0.9705170145833334,40,10000
single_case_all_sa_and_metrics,A,capacity_recovery_tradeoff,mean_top3_jaccard,0.9426966666666667,0.8930022375,0.9811248375,20,10000
single_case_all_sa_and_metrics,B,capacity_recovery_tradeoff,mean_top3_jaccard,0.9369463333333334,0.8794642541666667,0.9820340208333331,20,10000
both_cases_stratified_by_case_all_sa_and_metrics,A+B,capacity_recovery_tradeoff,pairwise_reversal_rate,0.05449016666666666,0.025889913541666674,0.0880422625,40,10000
single_case_all_sa_and_metrics,A,capacity_recovery_tradeoff,pairwise_reversal_rate,0.05270633333333334,0.016061535416666675,0.09972546458333333,20,10000
single_case_all_sa_and_metrics,B,capacity_recovery_tradeoff,pairwise_reversal_rate,0.056274000000000005,0.014792979166666671,0.10776593958333329,20,10000
both_cases_stratified_by_case_all_sa_and_metrics,A+B,capacity_recovery_tradeoff,top1_change_rate,0.2033333333333333,0.12166666666666666,0.29166666666666663,40,10000
single_case_all_sa_and_metrics,A,capacity_recovery_tradeoff,top1_change_rate,0.21000000000000002,0.09666666666666665,0.33999999999999997,20,10000
single_case_all_sa_and_metrics,B,capacity_recovery_tradeoff,top1_change_rate,0.1966666666666667,0.09,0.31333333333333335,20,10000
both_cases_stratified_by_case_all_sa_and_metrics,A+B,shape_only,mean_kendall_tau,0.9989276666666667,0.9979084541666667,0.9996905041666667,40,10000
single_case_all_sa_and_metrics,A,shape_only,mean_kendall_tau,0.9980193333333334,0.9959913166666665,0.9995556833333334,20,10000
single_case_all_sa_and_metrics,B,shape_only,mean_kendall_tau,0.9998360000000002,0.9995746499999999,0.999998,20,10000
both_cases_stratified_by_case_all_sa_and_metrics,A+B,shape_only,mean_spearman_rho,0.9991977500000001,0.9983452458333332,0.9998177833333334,40,10000
single_case_all_sa_and_metrics,A,shape_only,mean_spearman_rho,0.9984785,0.9968506666666668,0.9996915,20,10000
single_case_all_sa_and_metrics,B,shape_only,mean_spearman_rho,0.999917,0.9997843333333334,0.9999993333333332,20,10000
both_cases_stratified_by_case_all_sa_and_metrics,A+B,shape_only,mean_top3_jaccard,0.9993499166666666,0.9987662229166665,0.9998167604166668,40,10000
single_case_all_sa_and_metrics,A,shape_only,mean_top3_jaccard,0.9987036666666667,0.9975068333333335,0.999642,20,10000
single_case_all_sa_and_metrics,B,shape_only,mean_top3_jaccard,0.9999961666666666,0.9999893333333333,1.0,20,10000
both_cases_stratified_by_case_all_sa_and_metrics,A+B,shape_only,pairwise_reversal_rate,0.0006757499999999999,0.00013583333333333335,0.0014391281249999997,40,10000
single_case_all_sa_and_metrics,A,shape_only,pairwise_reversal_rate,0.0012476666666666667,0.00018441666666666666,0.0026666666666666666,20,10000
single_case_all_sa_and_metrics,B,shape_only,pairwise_reversal_rate,0.00010383333333333334,7.499999999999999e-07,0.00028375000000000004,20,10000
both_cases_stratified_by_case_all_sa_and_metrics,A+B,shape_only,top1_change_rate,0.029999999999999992,0.0,0.07166666666666666,40,10000
single_case_all_sa_and_metrics,A,shape_only,top1_change_rate,0.05333333333333332,0.0,0.13666666666666663,20,10000
single_case_all_sa_and_metrics,B,shape_only,top1_change_rate,0.006666666666666666,0.0,0.02,20,10000
